{
  "timestamp": "2026-03-24T10:52:11.221090",
  "summary": {
    "total_tests": 24,
    "successful": 22,
    "failed": 2,
    "success_rate": 0.9166666666666666,
    "avg_response_time": 58.20795503529635,
    "total_tokens": 21030
  },
  "provider_comparison": {
    "My nvidia LLM Provider": {
      "avg_response_time": 58.20795503529635,
      "median_response_time": 49.684159994125366,
      "min_response_time": 1.6669158935546875,
      "max_response_time": 114.57560658454895,
      "avg_token_usage": 955.9090909090909,
      "test_count": 22
    }
  },
  "model_comparison": {
    "My nvidia LLM Provider/moonshotai/kimi-k2.5": {
      "avg_response_time": 96.034574338368,
      "median_response_time": 104.03146719932556,
      "min_response_time": 79.9268434047699,
      "max_response_time": 112.19244861602783,
      "avg_token_usage": 783.5714285714286,
      "test_count": 7
    },
    "My nvidia LLM Provider/qwen/qwen3.5-122b-a10b": {
      "avg_response_time": 19.578870207071304,
      "median_response_time": 16.07583522796631,
      "min_response_time": 1.6669158935546875,
      "max_response_time": 49.684159994125366,
      "avg_token_usage": 461.875,
      "test_count": 8
    },
    "My nvidia LLM Provider/z-ai/glm4.7": {
      "avg_response_time": 64.52886125019619,
      "median_response_time": 49.228816509246826,
      "min_response_time": 28.307305097579956,
      "max_response_time": 114.57560658454895,
      "avg_token_usage": 1692.857142857143,
      "test_count": 7
    }
  },
  "test_case_results": {
    "simple_qa": {
      "name": "简单问答",
      "results": [
        {
          "provider": "My nvidia LLM Provider",
          "model": "moonshotai/kimi-k2.5",
          "response_time": 79.9268434047699,
          "token_usage": {
            "prompt_tokens": 17,
            "completion_tokens": 406,
            "total_tokens": 423
          },
          "keyword_score": 0.5
        },
        {
          "provider": "My nvidia LLM Provider",
          "model": "qwen/qwen3.5-122b-a10b",
          "response_time": 7.702497482299805,
          "token_usage": {
            "prompt_tokens": 20,
            "completion_tokens": 105,
            "total_tokens": 125
          },
          "keyword_score": 0.75
        },
        {
          "provider": "My nvidia LLM Provider",
          "model": "z-ai/glm4.7",
          "response_time": 41.486387491226196,
          "token_usage": {
            "prompt_tokens": 15,
            "completion_tokens": 938,
            "total_tokens": 953
          },
          "keyword_score": 0.5
        }
      ]
    },
    "code_generation": {
      "name": "代码生成",
      "results": [
        {
          "provider": "My nvidia LLM Provider",
          "model": "moonshotai/kimi-k2.5",
          "response_time": 104.03146719932556,
          "token_usage": {
            "prompt_tokens": 21,
            "completion_tokens": 2154,
            "total_tokens": 2175
          },
          "keyword_score": 0.75
        },
        {
          "provider": "My nvidia LLM Provider",
          "model": "qwen/qwen3.5-122b-a10b",
          "response_time": 31.652406215667725,
          "token_usage": {
            "prompt_tokens": 26,
            "completion_tokens": 798,
            "total_tokens": 824
          },
          "keyword_score": 1.0
        },
        {
          "provider": "My nvidia LLM Provider",
          "model": "z-ai/glm4.7",
          "response_time": 114.57560658454895,
          "token_usage": {
            "prompt_tokens": 19,
            "completion_tokens": 2707,
            "total_tokens": 2726
          },
          "keyword_score": 1.0
        }
      ]
    },
    "long_context": {
      "name": "长文本处理",
      "results": [
        {
          "provider": "My nvidia LLM Provider",
          "model": "moonshotai/kimi-k2.5",
          "response_time": 104.66118240356445,
          "token_usage": {
            "prompt_tokens": 23,
            "completion_tokens": 306,
            "total_tokens": 329
          },
          "keyword_score": 1.0
        },
        {
          "provider": "My nvidia LLM Provider",
          "model": "qwen/qwen3.5-122b-a10b",
          "response_time": 1.8425593376159668,
          "token_usage": {
            "prompt_tokens": 28,
            "completion_tokens": 88,
            "total_tokens": 116
          },
          "keyword_score": 0.6666666666666666
        },
        {
          "provider": "My nvidia LLM Provider",
          "model": "z-ai/glm4.7",
          "response_time": 49.228816509246826,
          "token_usage": {
            "prompt_tokens": 21,
            "completion_tokens": 777,
            "total_tokens": 798
          },
          "keyword_score": 1.0
        }
      ]
    },
    "chinese_reasoning": {
      "name": "中文推理",
      "results": [
        {
          "provider": "My nvidia LLM Provider",
          "model": "moonshotai/kimi-k2.5",
          "response_time": 85.24449038505554,
          "token_usage": {
            "prompt_tokens": 28,
            "completion_tokens": 352,
            "total_tokens": 380
          },
          "keyword_score": 1.0
        },
        {
          "provider": "My nvidia LLM Provider",
          "model": "qwen/qwen3.5-122b-a10b",
          "response_time": 16.07583522796631,
          "token_usage": {
            "prompt_tokens": 32,
            "completion_tokens": 111,
            "total_tokens": 143
          },
          "keyword_score": 0.6666666666666666
        },
        {
          "provider": "My nvidia LLM Provider",
          "model": "z-ai/glm4.7",
          "response_time": 28.307305097579956,
          "token_usage": {
            "prompt_tokens": 25,
            "completion_tokens": 571,
            "total_tokens": 596
          },
          "keyword_score": 1.0
        }
      ]
    },
    "creative_writing": {
      "name": "创意写作",
      "results": [
        {
          "provider": "My nvidia LLM Provider",
          "model": "moonshotai/kimi-k2.5",
          "response_time": 81.574875831604,
          "token_usage": {
            "prompt_tokens": 17,
            "completion_tokens": 458,
            "total_tokens": 475
          },
          "keyword_score": 1.0
        },
        {
          "provider": "My nvidia LLM Provider",
          "model": "qwen/qwen3.5-122b-a10b",
          "response_time": 1.6669158935546875,
          "token_usage": {
            "prompt_tokens": 24,
            "completion_tokens": 60,
            "total_tokens": 84
          },
          "keyword_score": 1.0
        },
        {
          "provider": "My nvidia LLM Provider",
          "model": "z-ai/glm4.7",
          "response_time": 41.85484337806702,
          "token_usage": {
            "prompt_tokens": 15,
            "completion_tokens": 1197,
            "total_tokens": 1212
          },
          "keyword_score": 1.0
        }
      ]
    },
    "math_problem": {
      "name": "数学问题",
      "results": [
        {
          "provider": "My nvidia LLM Provider",
          "model": "qwen/qwen3.5-122b-a10b",
          "response_time": 39.67399835586548,
          "token_usage": {
            "prompt_tokens": 35,
            "completion_tokens": 859,
            "total_tokens": 894
          },
          "keyword_score": 1.0
        },
        {
          "provider": "My nvidia LLM Provider",
          "model": "z-ai/glm4.7",
          "response_time": 83.19317722320557,
          "token_usage": {
            "prompt_tokens": 28,
            "completion_tokens": 3012,
            "total_tokens": 3040
          },
          "keyword_score": 1.0
        }
      ]
    },
    "multi_turn_conversation": {
      "name": "多轮对话",
      "results": [
        {
          "provider": "My nvidia LLM Provider",
          "model": "moonshotai/kimi-k2.5",
          "response_time": 112.19244861602783,
          "token_usage": {
            "prompt_tokens": 48,
            "completion_tokens": 830,